Gene_symbol	Sample	Exome_Mutations	Remy_Mutations
ACVR1B	PDAC014T	R484S	R484S; R432S; R525S
ADAMTS16	PDAC025T	R252C	R252C
ADAMTS16	PDAC028T	R659*	R659X
AJUBA	PDAC013T	V480M	V63M; V480M
AKAP9	PDAC012T	splice_donor_variant	splicing:c.576+1G>T
AKAP9	PDAC031T	H2909Q	H2917Q; H2909Q
APC	PDAC030T	T1852I	T1834I; T1852I
ARID1A	PDAC011T	Q1145Pfs*48	G1143fs
ARID1A	PDAC015T	S2104F	S2104F; S1887F
ARID1A	PDAC021T	G1016Wfs*2	G1015fs
ARID1A	PDAC027T	L2014R	L2014R; L1797R
ASXL1	PDAC012T	R488H; R549H; regulatory_region_variant	R549H
ATRX	PDAC007T	intron_variant; P1548L; P1510L	P1510L; P1548L
ATRX	PDAC021T	M2020I; M1982I	M1982I; M2020I
BRCA2	PDAC009T	F516L	F516L
CD22	PDAC013T	A740G	A563G; A652G; A568G; A740G
CD33	PDAC013T	L7Q	L7Q
CD38	PDAC015T	S264L	S264L
CDKN2A	PDAC015T	V25NA	24_25del
CDKN2A	PDAC018T	downstream_gene_variant	R80X
CDKN2A	PDAC019T	downstream_gene_variant	R80X
CDKN2A	PDAC023T	downstream_gene_variant	H83Y; A97V
CDKN2A	PDAC025T	downstream_gene_variant	R58X
CDKN2A	PDAC031T	downstream_gene_variant	E120X; E69fs; G83fs
COL6A3	PDAC014T	A2581T	A2180T; A2581T; A2787T
CRB1	PDAC011T	N1177D	N1065D; N1177D; N1153D
CSMD3	PDAC021T	C2694Lfs*20	C2694fs; C2654fs
CSMD3	PDAC023T	C895R	C791R; C895R; C855R
CTNNA1	PDAC008T	R731Q	R361Q; R628Q; R731Q; R608Q
DNER	PDAC025T	R256Q	R256Q
DYNC1H1	PDAC015T	R4411S	R4411S
ERBB4	PDAC031T	G1194A; S522L	G1178A; G1194A; S522L
ERCC3	PDAC023T	K692R; K628R	K692R; K628R
FAM135B	PDAC013T	D401Y	D401Y
FANCD2	PDAC023T	R1160I	R1160I
FANCD2	PDAC031T	T896M	T896M
FANCL	PDAC004T	splice_acceptor_variant; splice_acceptor_variant&non_coding_transcript_variant	splicing:c.97-2A>G
FANCL	PDAC005T	splice_acceptor_variant; splice_acceptor_variant&non_coding_transcript_variant	splicing:c.97-2A>G
FAT1	PDAC014T	K3746N	K3746N
FES	PDAC018T	R778H	R720H; R708H; R650H; R778H
FGFR1	PDAC026T	R209C; R201C; R207C; R120C; R240C; R118C; regulatory_region_variant	R120C; R118C; R209C; R207C; R201C; R240C
GNAS	PDAC031T	upstream_gene_variant	R273H
GRM1	PDAC030T	A11Sfs*78	L6fs
ING1	PDAC008T	A98Qfs*5	E120fs; E280fs; E93fs; E68fs; E137fs
KRAS	PDAC003T	G12D	G12D
KRAS	PDAC004T	G12D	G12D
KRAS	PDAC005T	G12D	G12D
KRAS	PDAC007T	G12D	G12D
KRAS	PDAC008T	G12D	G12D
KRAS	PDAC011T	G12D	G12D
KRAS	PDAC012T	Q61K	Q61K
KRAS	PDAC013T	G12D	G12D
KRAS	PDAC014T	G12V	G12V
KRAS	PDAC015T	G12D	G12D
KRAS	PDAC016T	G12R	G12R
KRAS	PDAC017T	G12V	G12V
KRAS	PDAC018T	G12D	G12D
KRAS	PDAC019T	G12V	G12V
KRAS	PDAC020T	G12D	G12D
KRAS	PDAC021T	G12V	G12V
KRAS	PDAC022T	G12R	G12R
KRAS	PDAC023T	G12C	G12C
KRAS	PDAC024T	G12D	G12R
KRAS	PDAC025T	G12D	G12D
KRAS	PDAC026T	G12R	G12R
KRAS	PDAC027T	G12V	G12V
KRAS	PDAC028T	G12V	G12V
KRAS	PDAC029T	G12D	G12D
KRAS	PDAC030T	G12V	G12V
KRAS	PDAC031T	G12D	G12D
L3MBTL3	PDAC025T	F475L	F450L; F475L
LRP1B	PDAC003T	L2992F	L2992F
LRP1B	PDAC011T	K1694T	K1694T
LRP1B	PDAC031T	R4084C	R4084C
LRRC7	PDAC017T	D956N	D951N
MAP2	PDAC003T	intron_variant&non_coding_transcript_variant	T860M
MAP2K4	PDAC003T	splice_donor_variant	splicing:c.1119+1G>T; splicing:c.1086+1G>T
MAP2K4	PDAC012T	Q253*	Q253X; Q264X
MAP3K1	PDAC011T	R162C	R162C
MAP3K4	PDAC027T	L946S	L946S; L399S
MDN1	PDAC015T	N76S	N76S
MITF	PDAC023T	Q185K	Q95K; Q39K; Q150K; Q201K; Q202K; Q186K
MXRA5	PDAC018T	A2131V	A2131V
NCAM1	PDAC003T	A625V	A589V; A599V; A625V
NOTCH2	PDAC027T	N458S	N458S
NOTCH3	PDAC017T	R90C	R90C
NTRK1	PDAC028T	R646H	R676H; R646H; R682H
NTRK2	PDAC025T	R14W; upstream_gene_variant; regulatory_region_variant	R14W
PALB2	PDAC029T	Q552*	Q552X
PCNA	PDAC003T	start_lost&5_prime_UTR_variant	wholegene
PIK3CA	PDAC014T	N345K	N345K
POLD1	PDAC029T	P712L; P738L; non_coding_transcript_exon_variant	P738L; P712L
RAD54L	PDAC014T	Q635E	Q635E
RFC1	PDAC005T	G732A	G733A; G732A
RSBN1L	PDAC023T	A796E	A796E
SACS	PDAC009T	P702NA	555_555del; 702_702del
SACS	PDAC019T	R2932W	R2785W; R2932W
SMAD4	PDAC004T	L201*	L201X
SMAD4	PDAC005T	L201*	L201X
SMAD4	PDAC015T	R515I	R515I
SMAD4	PDAC017T	R38Efs*7	A36fs
SMAD4	PDAC020T	T521Hfs*16	E520fs
SMAD4	PDAC025T	R445*	R445X
SMAD4	PDAC030T	R361H	R361H
SMAD4	PDAC031T	E330G	E330G
SMARCB1	PDAC014T	R208W	R181W; R190W
STAT3	PDAC027T	splice_acceptor_variant	splicing:c.957-1G>T
STK11	PDAC023T	C132W	C132W
TEK	PDAC025T	V86Lfs*31	K84fs
TGFBR2	PDAC008T	R553G; R528G; regulatory_region_variant	R528G; R553G
TGFBR2	PDAC011T	R553G; R528G; regulatory_region_variant	R528G; R553G
TP53	PDAC003T	Q136P	Q4P; Q97P; Q136P
TP53	PDAC004T	R248W	R116W; R89W; R209W; R248W
TP53	PDAC005T	R248W	R116W; R89W; R209W; R248W
TP53	PDAC012T	R175H	R43H; R16H; R136H; R175H
TP53	PDAC013T	I254T	I122T; I95T; I215T; I254T
TP53	PDAC014T	E286K	E154K; E127K; E247K; E286K
TP53	PDAC015T	R181*	E48fs; E21fs; E141fs; E180fs
TP53	PDAC016T	C176F	C44F; C17F; C137F; C176F
TP53	PDAC018T	splice_donor_variant	splicing:c.672+1G>A; splicing:c.195+1G>A; splicing:c.276+1G>A; splicing:c.555+1G>A
TP53	PDAC020T	P153Afs*28	P20fs; P113fs; P152fs
TP53	PDAC021T	R248Q	R116Q; R89Q; R209Q; R248Q
TP53	PDAC022T	A86Vfs*55	A47fs; A86fs
TP53	PDAC023T	F134V	F2V; F95V; F134V
TP53	PDAC024T	R273L	C44F; C17F; C137F; C176F
TP53	PDAC025T	R175H	R43H; R16H; R136H; R175H
TP53	PDAC026T	R175H	R43H; R16H; R136H; R175H
TP53	PDAC027T	G245S	G113S; G86S; G206S; G245S
TP53	PDAC028T	L257Rfs*5	L125fs; L98fs; L218fs; L257fs
TP53	PDAC031T	H179Q	H47Q; H20Q; H140Q; H179Q
TSC1	PDAC019T	P1143L; P1142L; P1092L; P1022L	P1092L; P1143L; P1142L
TXNDC8	PDAC019T	V47A	V47A
USH2A	PDAC022T	G3195R	G3195R
USH2A	PDAC023T	M1731L; D607G	M1731L; D607G
ZNF620	PDAC031T	E95K	E95K
